{
  "num_runs": 10,
  "successful_runs": 10,
  "cycle_detection_rate": 1.0,
  "mean_loss_ratio": {
    "mean": 0.9970776107450288,
    "std": 0.00033186367396481815,
    "min": 0.9964099162483159,
    "max": 0.9974804060160682
  },
  "cycle_period": {
    "mean": 3.1691549533151315,
    "std": 0.2007062121960757,
    "min": 2.787878787878788,
    "max": 3.5185185185185186
  },
  "dominant_frequency": {
    "mean": 0.30599999999999994,
    "std": 0.07031358332498779,
    "min": 0.16,
    "max": 0.39
  },
  "std_loss_ratio": {
    "mean": 0.0055028517796639346,
    "std": 0.0003855675898601864,
    "min": 0.004806349079429861,
    "max": 0.0060275578358344375
  },
  "ar2_a1": {
    "mean": -0.1284377128778759,
    "std": 0.0913258628170145,
    "min": -0.2791191254013988,
    "max": 0.0362392570320675
  },
  "ar2_a2": {
    "mean": -0.33516743850646463,
    "std": 0.10375278944377395,
    "min": -0.530842198918882,
    "max": -0.21239646799550943
  },
  "cycle_conditions_met_rate": 0.2
}
