{
  "num_runs": 10,
  "successful_runs": 10,
  "cycle_detection_rate": 1.0,
  "mean_loss_ratio": {
    "mean": 0.99319018735585,
    "std": 0.00019729742704467214,
    "min": 0.9928821237399107,
    "max": 0.9935349689282925
  },
  "cycle_period": {
    "mean": 3.311394542867012,
    "std": 0.23679931720844014,
    "min": 2.9375,
    "max": 3.6538461538461537
  },
  "dominant_frequency": {
    "mean": 0.26599999999999996,
    "std": 0.06216108107168022,
    "min": 0.17,
    "max": 0.39
  },
  "std_loss_ratio": {
    "mean": 0.005176791339509836,
    "std": 0.0005236117451624624,
    "min": 0.003970793663078892,
    "max": 0.005901959528688413
  },
  "ar2_a1": {
    "mean": 0.053244163554507264,
    "std": 0.09499073560255415,
    "min": -0.08009116523990631,
    "max": 0.2541946267554364
  },
  "ar2_a2": {
    "mean": -0.30745189164872977,
    "std": 0.07044952310660368,
    "min": -0.4061744012997341,
    "max": -0.149865690644958
  },
  "cycle_conditions_met_rate": 0.7
}
