{
  "num_runs": 10,
  "successful_runs": 10,
  "cycle_detection_rate": 1.0,
  "mean_loss_ratio": {
    "mean": 0.9979234219640466,
    "std": 0.0004559712025389853,
    "min": 0.9972047670587143,
    "max": 0.9985112173597598
  },
  "cycle_period": {
    "mean": 2.967228128054741,
    "std": 0.0898748785104881,
    "min": 2.8181818181818183,
    "max": 3.1333333333333333
  },
  "dominant_frequency": {
    "mean": 0.274,
    "std": 0.11672189169131897,
    "min": 0.08,
    "max": 0.45
  },
  "std_loss_ratio": {
    "mean": 0.006646434598422943,
    "std": 0.0004649689404872363,
    "min": 0.005654716866639989,
    "max": 0.007287941537298926
  },
  "ar2_a1": {
    "mean": -0.03709535767728321,
    "std": 0.04539731977383382,
    "min": -0.08330610038774655,
    "max": 0.046268268807413485
  },
  "ar2_a2": {
    "mean": -0.04959671682829907,
    "std": 0.11080686411727839,
    "min": -0.27322026681184447,
    "max": 0.08070407029181854
  },
  "cycle_conditions_met_rate": 0.2
}
