{
  "num_runs": 10,
  "successful_runs": 10,
  "cycle_detection_rate": 1.0,
  "mean_loss_ratio": {
    "mean": 0.9954382138681488,
    "std": 0.0003415537114650374,
    "min": 0.9949054097188097,
    "max": 0.9959188818974888
  },
  "cycle_period": {
    "mean": 3.1984308329066393,
    "std": 0.16507658922700894,
    "min": 2.9375,
    "max": 3.4074074074074074
  },
  "dominant_frequency": {
    "mean": 0.223,
    "std": 0.0691447756522501,
    "min": 0.11,
    "max": 0.33
  },
  "std_loss_ratio": {
    "mean": 0.005150047699699233,
    "std": 0.0005111926846130139,
    "min": 0.004192491730934284,
    "max": 0.00598140084843154
  },
  "ar2_a1": {
    "mean": 0.05318621564781127,
    "std": 0.09720555696204199,
    "min": -0.08494229377048378,
    "max": 0.21606718156575322
  },
  "ar2_a2": {
    "mean": -0.27791199508687664,
    "std": 0.08839077812147808,
    "min": -0.3686731024321695,
    "max": -0.09596753090449647
  },
  "cycle_conditions_met_rate": 0.6
}
