{
  "num_runs": 10,
  "successful_runs": 10,
  "cycle_detection_rate": 1.0,
  "mean_loss_ratio": {
    "mean": 0.9964883805267849,
    "std": 0.0002617248573762765,
    "min": 0.9959360696313992,
    "max": 0.9968618403027221
  },
  "cycle_period": {
    "mean": 3.1646279306992597,
    "std": 0.229462322053533,
    "min": 2.878787878787879,
    "max": 3.6923076923076925
  },
  "dominant_frequency": {
    "mean": 0.244,
    "std": 0.06945502141674136,
    "min": 0.15,
    "max": 0.39
  },
  "std_loss_ratio": {
    "mean": 0.0052494925898012345,
    "std": 0.0002707484249330901,
    "min": 0.004673553618774061,
    "max": 0.005721138166748741
  },
  "ar2_a1": {
    "mean": -0.04816413387587228,
    "std": 0.08479558950544594,
    "min": -0.17570868165548012,
    "max": 0.12342913046549167
  },
  "ar2_a2": {
    "mean": -0.3275504309117796,
    "std": 0.09445051570489374,
    "min": -0.4257510886995248,
    "max": -0.07567246783643086
  },
  "cycle_conditions_met_rate": 0.3
}
