{
  "num_runs": 10,
  "successful_runs": 10,
  "cycle_detection_rate": 1.0,
  "mean_loss_ratio": {
    "mean": 0.9954261646411776,
    "std": 0.00036906673918002186,
    "min": 0.9948233086770234,
    "max": 0.996147396402038
  },
  "cycle_period": {
    "mean": 3.2118892869582525,
    "std": 0.24246215876724167,
    "min": 2.8484848484848486,
    "max": 3.72
  },
  "dominant_frequency": {
    "mean": 0.246,
    "std": 0.0642183774320093,
    "min": 0.12,
    "max": 0.35000000000000003
  },
  "std_loss_ratio": {
    "mean": 0.005132030569366432,
    "std": 0.0002783546689110364,
    "min": 0.004609431275574137,
    "max": 0.005474847400566877
  },
  "ar2_a1": {
    "mean": 0.02409405883076974,
    "std": 0.13172382527990753,
    "min": -0.18309227685444507,
    "max": 0.23570540204555282
  },
  "ar2_a2": {
    "mean": -0.30966342321041845,
    "std": 0.07969528088856027,
    "min": -0.40876574361578233,
    "max": -0.19434621809780564
  },
  "cycle_conditions_met_rate": 0.5
}
