{
  "num_runs": 10,
  "successful_runs": 10,
  "cycle_detection_rate": 1.0,
  "mean_loss_ratio": {
    "mean": 0.9962919690803334,
    "std": 0.00024448985166553104,
    "min": 0.9958820708646186,
    "max": 0.996643086366379
  },
  "cycle_period": {
    "mean": 3.2071913236929923,
    "std": 0.12045048736976287,
    "min": 3.0,
    "max": 3.357142857142857
  },
  "dominant_frequency": {
    "mean": 0.262,
    "std": 0.07613146524269712,
    "min": 0.09,
    "max": 0.38
  },
  "std_loss_ratio": {
    "mean": 0.005192924694890213,
    "std": 0.00033477721333125085,
    "min": 0.004594777178418877,
    "max": 0.005720876955851884
  },
  "ar2_a1": {
    "mean": -0.04659457947989838,
    "std": 0.0483745946227442,
    "min": -0.13767414227363464,
    "max": 0.02336828018192371
  },
  "ar2_a2": {
    "mean": -0.3169111855365646,
    "std": 0.09274677994741588,
    "min": -0.4722948359012076,
    "max": -0.12584858489610234
  },
  "cycle_conditions_met_rate": 0.1
}
