{
  "num_runs": 10,
  "successful_runs": 10,
  "cycle_detection_rate": 1.0,
  "mean_loss_ratio": {
    "mean": 0.9955682952179071,
    "std": 0.0004125305349010059,
    "min": 0.9949802888701802,
    "max": 0.9962544357960853
  },
  "cycle_period": {
    "mean": 3.3199026902319453,
    "std": 0.1855338198911253,
    "min": 3.032258064516129,
    "max": 3.76
  },
  "dominant_frequency": {
    "mean": 0.24100000000000002,
    "std": 0.06847627326307996,
    "min": 0.16,
    "max": 0.36
  },
  "std_loss_ratio": {
    "mean": 0.005624029551821839,
    "std": 0.00034477499509848376,
    "min": 0.005027152438246089,
    "max": 0.006198064343288534
  },
  "ar2_a1": {
    "mean": 0.05558900005546543,
    "std": 0.10290087771046327,
    "min": -0.0992991873361282,
    "max": 0.16965335474160512
  },
  "ar2_a2": {
    "mean": -0.3287338084358538,
    "std": 0.07255781956893051,
    "min": -0.42367832139219236,
    "max": -0.17159064481025002
  },
  "cycle_conditions_met_rate": 0.6
}
