{
  "num_runs": 10,
  "successful_runs": 10,
  "cycle_detection_rate": 1.0,
  "mean_loss_ratio": {
    "mean": 0.9956650491062377,
    "std": 0.00022657897519488772,
    "min": 0.9953596755318018,
    "max": 0.9962496620808634
  },
  "cycle_period": {
    "mean": 3.3346579091406676,
    "std": 0.16912583545417226,
    "min": 3.1333333333333333,
    "max": 3.75
  },
  "dominant_frequency": {
    "mean": 0.24000000000000005,
    "std": 0.0589915248150105,
    "min": 0.1,
    "max": 0.31
  },
  "std_loss_ratio": {
    "mean": 0.005312304389507608,
    "std": 0.00042532075747085874,
    "min": 0.004517337657062754,
    "max": 0.005946898741419943
  },
  "ar2_a1": {
    "mean": 0.05203230869669455,
    "std": 0.07030278963711371,
    "min": -0.05069980742453552,
    "max": 0.16070996827280187
  },
  "ar2_a2": {
    "mean": -0.33451409356062556,
    "std": 0.07714483346082636,
    "min": -0.4339595945772826,
    "max": -0.16426048222058945
  },
  "cycle_conditions_met_rate": 0.8
}
