{
  "num_runs": 10,
  "successful_runs": 10,
  "cycle_detection_rate": 1.0,
  "mean_loss_ratio": {
    "mean": 0.9954120233851483,
    "std": 0.00030078234051749564,
    "min": 0.9950439827500746,
    "max": 0.9959782981522058
  },
  "cycle_period": {
    "mean": 3.3541346204777795,
    "std": 0.22702725061193788,
    "min": 2.967741935483871,
    "max": 3.875
  },
  "dominant_frequency": {
    "mean": 0.24500000000000002,
    "std": 0.04104875150354759,
    "min": 0.19,
    "max": 0.32
  },
  "std_loss_ratio": {
    "mean": 0.005356188451320066,
    "std": 0.0003948994224314074,
    "min": 0.004532159309400886,
    "max": 0.005990373293379241
  },
  "ar2_a1": {
    "mean": 0.031234910905727026,
    "std": 0.08648891911936449,
    "min": -0.12298089432228869,
    "max": 0.2036664571081401
  },
  "ar2_a2": {
    "mean": -0.3350665690512399,
    "std": 0.05621857428303151,
    "min": -0.4325803107618338,
    "max": -0.24757137444627306
  },
  "cycle_conditions_met_rate": 0.6
}
