{
  "distance_cost_0.050": {
    "num_runs": 10,
    "successful_runs": 10,
    "cycle_detection_rate": 1.0,
    "mean_loss_ratio": {
      "mean": 0.9954370443731555,
      "std": 0.00030811294460533794,
      "min": 0.9948896489133824,
      "max": 0.995931294014931
    },
    "cycle_period": {
      "mean": 3.2766076063350815,
      "std": 0.19281601214796085,
      "min": 3.064516129032258,
      "max": 3.8
    },
    "dominant_frequency": {
      "mean": 0.246,
      "std": 0.0846404158779953,
      "min": 0.13,
      "max": 0.42
    },
    "std_loss_ratio": {
      "mean": 0.0051338381799907375,
      "std": 0.00043275484584712627,
      "min": 0.0046115576635123645,
      "max": 0.006004700914716559
    },
    "ar2_a1": {
      "mean": 0.016099095353234033,
      "std": 0.142377954660168,
      "min": -0.1646960363886454,
      "max": 0.3527318163527442
    },
    "ar2_a2": {
      "mean": -0.2775523978781574,
      "std": 0.07470806478539355,
      "min": -0.4256172861352395,
      "max": -0.17777642227841903
    },
    "cycle_conditions_met_rate": 0.5
  },
  "distance_cost_0.200": {
    "num_runs": 10,
    "successful_runs": 10,
    "cycle_detection_rate": 1.0,
    "mean_loss_ratio": {
      "mean": 0.9954382138681488,
      "std": 0.0003415537114650374,
      "min": 0.9949054097188097,
      "max": 0.9959188818974888
    },
    "cycle_period": {
      "mean": 3.1984308329066393,
      "std": 0.16507658922700894,
      "min": 2.9375,
      "max": 3.4074074074074074
    },
    "dominant_frequency": {
      "mean": 0.223,
      "std": 0.0691447756522501,
      "min": 0.11,
      "max": 0.33
    },
    "std_loss_ratio": {
      "mean": 0.005150047699699233,
      "std": 0.0005111926846130139,
      "min": 0.004192491730934284,
      "max": 0.00598140084843154
    },
    "ar2_a1": {
      "mean": 0.05318621564781127,
      "std": 0.09720555696204199,
      "min": -0.08494229377048378,
      "max": 0.21606718156575322
    },
    "ar2_a2": {
      "mean": -0.27791199508687664,
      "std": 0.08839077812147808,
      "min": -0.3686731024321695,
      "max": -0.09596753090449647
    },
    "cycle_conditions_met_rate": 0.6
  },
  "distance_cost_0.160": {
    "num_runs": 10,
    "successful_runs": 10,
    "cycle_detection_rate": 1.0,
    "mean_loss_ratio": {
      "mean": 0.9954256933415724,
      "std": 0.00025071285103206626,
      "min": 0.9950006784581521,
      "max": 0.9958249808462197
    },
    "cycle_period": {
      "mean": 3.2085001425880177,
      "std": 0.19192027412759383,
      "min": 2.878787878787879,
      "max": 3.5185185185185186
    },
    "dominant_frequency": {
      "mean": 0.256,
      "std": 0.06916646586316234,
      "min": 0.14,
      "max": 0.35000000000000003
    },
    "std_loss_ratio": {
      "mean": 0.004910819779320402,
      "std": 0.00039468644367263893,
      "min": 0.004429278189100955,
      "max": 0.005535419836414114
    },
    "ar2_a1": {
      "mean": 0.03241578442579048,
      "std": 0.05658798858961647,
      "min": -0.07443710750585876,
      "max": 0.12226633325529401
    },
    "ar2_a2": {
      "mean": -0.27912640355082674,
      "std": 0.07874466257368011,
      "min": -0.3902084280052153,
      "max": -0.15667428990119428
    },
    "cycle_conditions_met_rate": 0.7
  },
  "distance_cost_0.080": {
    "num_runs": 10,
    "successful_runs": 10,
    "cycle_detection_rate": 1.0,
    "mean_loss_ratio": {
      "mean": 0.995540443471941,
      "std": 0.00021531519814876993,
      "min": 0.9950445074688522,
      "max": 0.995881730355641
    },
    "cycle_period": {
      "mean": 3.195048937384866,
      "std": 0.12429300050179411,
      "min": 3.064516129032258,
      "max": 3.4814814814814814
    },
    "dominant_frequency": {
      "mean": 0.255,
      "std": 0.06974955196988723,
      "min": 0.12,
      "max": 0.39
    },
    "std_loss_ratio": {
      "mean": 0.005088208596265581,
      "std": 0.00028599871403240317,
      "min": 0.004554143476945052,
      "max": 0.005483857768972876
    },
    "ar2_a1": {
      "mean": 0.02348317574070441,
      "std": 0.08510461332551054,
      "min": -0.13171742318341498,
      "max": 0.18152421551266873
    },
    "ar2_a2": {
      "mean": -0.28316285959765564,
      "std": 0.09496373727805285,
      "min": -0.4481616346721909,
      "max": -0.151945259553387
    },
    "cycle_conditions_met_rate": 0.7
  },
  "distance_cost_0.120": {
    "num_runs": 10,
    "successful_runs": 10,
    "cycle_detection_rate": 1.0,
    "mean_loss_ratio": {
      "mean": 0.9954993492893804,
      "std": 0.00021853106972576314,
      "min": 0.995180251591181,
      "max": 0.9959005440557908
    },
    "cycle_period": {
      "mean": 3.3938605711225285,
      "std": 0.2818960022268862,
      "min": 3.064516129032258,
      "max": 3.9583333333333335
    },
    "dominant_frequency": {
      "mean": 0.274,
      "std": 0.049030602688525056,
      "min": 0.19,
      "max": 0.35000000000000003
    },
    "std_loss_ratio": {
      "mean": 0.00514482215855501,
      "std": 0.00027664640126919395,
      "min": 0.004662548165234962,
      "max": 0.005537963759584354
    },
    "ar2_a1": {
      "mean": 0.0255412614245197,
      "std": 0.051993759887344046,
      "min": -0.04999390110439225,
      "max": 0.14752666248063326
    },
    "ar2_a2": {
      "mean": -0.270524137921205,
      "std": 0.10232266011694413,
      "min": -0.4431596986896171,
      "max": -0.10968977889167505
    },
    "cycle_conditions_met_rate": 0.8
  },
  "distance_cost_0.020": {
    "num_runs": 10,
    "successful_runs": 10,
    "cycle_detection_rate": 1.0,
    "mean_loss_ratio": {
      "mean": 0.9954120233851483,
      "std": 0.00030078234051749564,
      "min": 0.9950439827500746,
      "max": 0.9959782981522058
    },
    "cycle_period": {
      "mean": 3.3541346204777795,
      "std": 0.22702725061193788,
      "min": 2.967741935483871,
      "max": 3.875
    },
    "dominant_frequency": {
      "mean": 0.24500000000000002,
      "std": 0.04104875150354759,
      "min": 0.19,
      "max": 0.32
    },
    "std_loss_ratio": {
      "mean": 0.005356188451320066,
      "std": 0.0003948994224314074,
      "min": 0.004532159309400886,
      "max": 0.005990373293379241
    },
    "ar2_a1": {
      "mean": 0.031234910905727026,
      "std": 0.08648891911936449,
      "min": -0.12298089432228869,
      "max": 0.2036664571081401
    },
    "ar2_a2": {
      "mean": -0.3350665690512399,
      "std": 0.05621857428303151,
      "min": -0.4325803107618338,
      "max": -0.24757137444627306
    },
    "cycle_conditions_met_rate": 0.6
  }
}
