{
  "num_runs": 10,
  "successful_runs": 10,
  "cycle_detection_rate": 1.0,
  "mean_loss_ratio": {
    "mean": 0.9956660817845663,
    "std": 0.0002987348253941251,
    "min": 0.9950349830974936,
    "max": 0.996016793255814
  },
  "cycle_period": {
    "mean": 3.2679785166207993,
    "std": 0.24690882902127045,
    "min": 2.7941176470588234,
    "max": 3.576923076923077
  },
  "dominant_frequency": {
    "mean": 0.255,
    "std": 0.03748332962798263,
    "min": 0.18,
    "max": 0.33
  },
  "std_loss_ratio": {
    "mean": 0.004938230052401329,
    "std": 0.00033378979550665873,
    "min": 0.004413496614249235,
    "max": 0.005510902233344997
  },
  "ar2_a1": {
    "mean": 0.045261035133360876,
    "std": 0.05431743034215945,
    "min": -0.07936912433228963,
    "max": 0.12072481212816544
  },
  "ar2_a2": {
    "mean": -0.3495873144612017,
    "std": 0.08392967086823992,
    "min": -0.4683628333194317,
    "max": -0.18993688779437934
  },
  "cycle_conditions_met_rate": 0.9
}
