{
  "num_runs": 10,
  "successful_runs": 10,
  "cycle_detection_rate": 1.0,
  "mean_loss_ratio": {
    "mean": 0.9956239695529099,
    "std": 0.0003534679758487341,
    "min": 0.995099905770869,
    "max": 0.9964318162725357
  },
  "cycle_period": {
    "mean": 3.243796314348734,
    "std": 0.2809254413310392,
    "min": 2.875,
    "max": 3.76
  },
  "dominant_frequency": {
    "mean": 0.289,
    "std": 0.06073713855624087,
    "min": 0.19,
    "max": 0.41000000000000003
  },
  "std_loss_ratio": {
    "mean": 0.00511444036701935,
    "std": 0.00021107499926309274,
    "min": 0.004858619404415989,
    "max": 0.005560059683604549
  },
  "ar2_a1": {
    "mean": -0.01337217210478776,
    "std": 0.06756076513109975,
    "min": -0.10872023862215714,
    "max": 0.15213404265677358
  },
  "ar2_a2": {
    "mean": -0.2638004934521576,
    "std": 0.07554480011970442,
    "min": -0.4166734093166815,
    "max": -0.11884407525421073
  },
  "cycle_conditions_met_rate": 0.4
}
