{
  "num_runs": 10,
  "successful_runs": 10,
  "cycle_detection_rate": 1.0,
  "mean_loss_ratio": {
    "mean": 0.9953880253688856,
    "std": 0.000316573059734927,
    "min": 0.9949293102690713,
    "max": 0.9959305247812495
  },
  "cycle_period": {
    "mean": 3.351431816905955,
    "std": 0.2180249065017318,
    "min": 2.9375,
    "max": 3.7916666666666665
  },
  "dominant_frequency": {
    "mean": 0.263,
    "std": 0.04517742799230607,
    "min": 0.18,
    "max": 0.33
  },
  "std_loss_ratio": {
    "mean": 0.005412712266869238,
    "std": 0.00032717159817430513,
    "min": 0.005056944153150899,
    "max": 0.005949386133909458
  },
  "ar2_a1": {
    "mean": 0.0654584084605526,
    "std": 0.09620461095871823,
    "min": -0.13699161764760537,
    "max": 0.17462433624220627
  },
  "ar2_a2": {
    "mean": -0.32178440929617563,
    "std": 0.08566749273284348,
    "min": -0.40761444721732715,
    "max": -0.14332022437964023
  },
  "cycle_conditions_met_rate": 0.8
}
