{
  "num_runs": 10,
  "successful_runs": 10,
  "cycle_detection_rate": 1.0,
  "mean_loss_ratio": {
    "mean": 0.9949965540783088,
    "std": 0.0002746083377049992,
    "min": 0.9944252836692908,
    "max": 0.9953359316438521
  },
  "cycle_period": {
    "mean": 3.2588398748236065,
    "std": 0.1986038384666571,
    "min": 2.935483870967742,
    "max": 3.5384615384615383
  },
  "dominant_frequency": {
    "mean": 0.28,
    "std": 0.058309518948453015,
    "min": 0.17,
    "max": 0.35000000000000003
  },
  "std_loss_ratio": {
    "mean": 0.005267442407621748,
    "std": 0.0004163546645567971,
    "min": 0.0046086892169114975,
    "max": 0.006144230360783741
  },
  "ar2_a1": {
    "mean": 0.03580796251336448,
    "std": 0.09452644989135167,
    "min": -0.17771536717857198,
    "max": 0.14199529164964705
  },
  "ar2_a2": {
    "mean": -0.3076961915257753,
    "std": 0.09285839127244325,
    "min": -0.3974644017812076,
    "max": -0.05900199627291052
  },
  "cycle_conditions_met_rate": 0.7
}
