{
  "num_runs": 10,
  "successful_runs": 10,
  "cycle_detection_rate": 1.0,
  "mean_loss_ratio": {
    "mean": 0.9954370443731555,
    "std": 0.00030811294460533794,
    "min": 0.9948896489133824,
    "max": 0.995931294014931
  },
  "cycle_period": {
    "mean": 3.2766076063350815,
    "std": 0.19281601214796085,
    "min": 3.064516129032258,
    "max": 3.8
  },
  "dominant_frequency": {
    "mean": 0.246,
    "std": 0.0846404158779953,
    "min": 0.13,
    "max": 0.42
  },
  "std_loss_ratio": {
    "mean": 0.0051338381799907375,
    "std": 0.00043275484584712627,
    "min": 0.0046115576635123645,
    "max": 0.006004700914716559
  },
  "ar2_a1": {
    "mean": 0.016099095353234033,
    "std": 0.142377954660168,
    "min": -0.1646960363886454,
    "max": 0.3527318163527442
  },
  "ar2_a2": {
    "mean": -0.2775523978781574,
    "std": 0.07470806478539355,
    "min": -0.4256172861352395,
    "max": -0.17777642227841903
  },
  "cycle_conditions_met_rate": 0.5
}
