{
  "credibility_factor_0.400": {
    "num_runs": 10,
    "successful_runs": 10,
    "cycle_detection_rate": 1.0,
    "mean_loss_ratio": {
      "mean": 0.9979234219640466,
      "std": 0.0004559712025389853,
      "min": 0.9972047670587143,
      "max": 0.9985112173597598
    },
    "cycle_period": {
      "mean": 2.967228128054741,
      "std": 0.0898748785104881,
      "min": 2.8181818181818183,
      "max": 3.1333333333333333
    },
    "dominant_frequency": {
      "mean": 0.274,
      "std": 0.11672189169131897,
      "min": 0.08,
      "max": 0.45
    },
    "std_loss_ratio": {
      "mean": 0.006646434598422943,
      "std": 0.0004649689404872363,
      "min": 0.005654716866639989,
      "max": 0.007287941537298926
    },
    "ar2_a1": {
      "mean": -0.03709535767728321,
      "std": 0.04539731977383382,
      "min": -0.08330610038774655,
      "max": 0.046268268807413485
    },
    "ar2_a2": {
      "mean": -0.04959671682829907,
      "std": 0.11080686411727839,
      "min": -0.27322026681184447,
      "max": 0.08070407029181854
    },
    "cycle_conditions_met_rate": 0.2
  },
  "credibility_factor_0.500": {
    "num_runs": 10,
    "successful_runs": 10,
    "cycle_detection_rate": 1.0,
    "mean_loss_ratio": {
      "mean": 0.9979794337658177,
      "std": 0.0006796124843360388,
      "min": 0.9969663329579943,
      "max": 0.9989598760276627
    },
    "cycle_period": {
      "mean": 3.0368213027702735,
      "std": 0.17882569714426558,
      "min": 2.7142857142857144,
      "max": 3.2413793103448274
    },
    "dominant_frequency": {
      "mean": 0.301,
      "std": 0.09406912352095133,
      "min": 0.13,
      "max": 0.4
    },
    "std_loss_ratio": {
      "mean": 0.00798843002750654,
      "std": 0.0005561905716307906,
      "min": 0.007324227233890552,
      "max": 0.009354193129304205
    },
    "ar2_a1": {
      "mean": -0.033361137051829734,
      "std": 0.06815143998833299,
      "min": -0.14980515306604955,
      "max": 0.09231424926127683
    },
    "ar2_a2": {
      "mean": -0.058848975379312954,
      "std": 0.09932465901585613,
      "min": -0.1930126290792195,
      "max": 0.07243563621894455
    },
    "cycle_conditions_met_rate": 0.3
  },
  "credibility_factor_0.200": {
    "num_runs": 10,
    "successful_runs": 10,
    "cycle_detection_rate": 1.0,
    "mean_loss_ratio": {
      "mean": 0.9956650491062377,
      "std": 0.00022657897519488772,
      "min": 0.9953596755318018,
      "max": 0.9962496620808634
    },
    "cycle_period": {
      "mean": 3.3346579091406676,
      "std": 0.16912583545417226,
      "min": 3.1333333333333333,
      "max": 3.75
    },
    "dominant_frequency": {
      "mean": 0.24000000000000005,
      "std": 0.0589915248150105,
      "min": 0.1,
      "max": 0.31
    },
    "std_loss_ratio": {
      "mean": 0.005312304389507608,
      "std": 0.00042532075747085874,
      "min": 0.004517337657062754,
      "max": 0.005946898741419943
    },
    "ar2_a1": {
      "mean": 0.05203230869669455,
      "std": 0.07030278963711371,
      "min": -0.05069980742453552,
      "max": 0.16070996827280187
    },
    "ar2_a2": {
      "mean": -0.33451409356062556,
      "std": 0.07714483346082636,
      "min": -0.4339595945772826,
      "max": -0.16426048222058945
    },
    "cycle_conditions_met_rate": 0.8
  },
  "credibility_factor_0.000": {
    "num_runs": 10,
    "successful_runs": 10,
    "cycle_detection_rate": 1.0,
    "mean_loss_ratio": {
      "mean": 0.9913009870731193,
      "std": 0.00047200974021230905,
      "min": 0.9903908498326147,
      "max": 0.992208973909558
    },
    "cycle_period": {
      "mean": 3.385215148835838,
      "std": 0.10065976384758663,
      "min": 3.2,
      "max": 3.5185185185185186
    },
    "dominant_frequency": {
      "mean": 0.259,
      "std": 0.08490583018850943,
      "min": 0.08,
      "max": 0.39
    },
    "std_loss_ratio": {
      "mean": 0.005504724756051993,
      "std": 0.0004217672330433195,
      "min": 0.004847320565716239,
      "max": 0.00625599261471155
    },
    "ar2_a1": {
      "mean": 0.16262160949190058,
      "std": 0.07302843817223553,
      "min": 0.057434578269202494,
      "max": 0.24714840482932618
    },
    "ar2_a2": {
      "mean": -0.20043857939056497,
      "std": 0.10341880110966593,
      "min": -0.3825758958414703,
      "max": -0.006723503834505464
    },
    "cycle_conditions_met_rate": 1.0
  },
  "credibility_factor_0.100": {
    "num_runs": 10,
    "successful_runs": 10,
    "cycle_detection_rate": 1.0,
    "mean_loss_ratio": {
      "mean": 0.99319018735585,
      "std": 0.00019729742704467214,
      "min": 0.9928821237399107,
      "max": 0.9935349689282925
    },
    "cycle_period": {
      "mean": 3.311394542867012,
      "std": 0.23679931720844014,
      "min": 2.9375,
      "max": 3.6538461538461537
    },
    "dominant_frequency": {
      "mean": 0.26599999999999996,
      "std": 0.06216108107168022,
      "min": 0.17,
      "max": 0.39
    },
    "std_loss_ratio": {
      "mean": 0.005176791339509836,
      "std": 0.0005236117451624624,
      "min": 0.003970793663078892,
      "max": 0.005901959528688413
    },
    "ar2_a1": {
      "mean": 0.053244163554507264,
      "std": 0.09499073560255415,
      "min": -0.08009116523990631,
      "max": 0.2541946267554364
    },
    "ar2_a2": {
      "mean": -0.30745189164872977,
      "std": 0.07044952310660368,
      "min": -0.4061744012997341,
      "max": -0.149865690644958
    },
    "cycle_conditions_met_rate": 0.7
  },
  "credibility_factor_0.300": {
    "num_runs": 10,
    "successful_runs": 10,
    "cycle_detection_rate": 1.0,
    "mean_loss_ratio": {
      "mean": 0.9972434433196053,
      "std": 0.0004851592133788829,
      "min": 0.9965323670236066,
      "max": 0.9979922666858767
    },
    "cycle_period": {
      "mean": 3.1671564304253406,
      "std": 0.1370294212645951,
      "min": 2.9375,
      "max": 3.4285714285714284
    },
    "dominant_frequency": {
      "mean": 0.265,
      "std": 0.07003570517957253,
      "min": 0.13,
      "max": 0.39
    },
    "std_loss_ratio": {
      "mean": 0.005836334934082341,
      "std": 0.00028622113184885743,
      "min": 0.005234973058565832,
      "max": 0.006216878194094108
    },
    "ar2_a1": {
      "mean": -0.022109435447450653,
      "std": 0.07283234028240458,
      "min": -0.14100637569880722,
      "max": 0.0822340513246984
    },
    "ar2_a2": {
      "mean": -0.23962722450275695,
      "std": 0.06877059378128116,
      "min": -0.3269846817740208,
      "max": -0.09554261969394603
    },
    "cycle_conditions_met_rate": 0.5
  }
}
