{
  "num_runs": 10,
  "successful_runs": 10,
  "cycle_detection_rate": 1.0,
  "mean_loss_ratio": {
    "mean": 0.9972434433196053,
    "std": 0.0004851592133788829,
    "min": 0.9965323670236066,
    "max": 0.9979922666858767
  },
  "cycle_period": {
    "mean": 3.1671564304253406,
    "std": 0.1370294212645951,
    "min": 2.9375,
    "max": 3.4285714285714284
  },
  "dominant_frequency": {
    "mean": 0.265,
    "std": 0.07003570517957253,
    "min": 0.13,
    "max": 0.39
  },
  "std_loss_ratio": {
    "mean": 0.005836334934082341,
    "std": 0.00028622113184885743,
    "min": 0.005234973058565832,
    "max": 0.006216878194094108
  },
  "ar2_a1": {
    "mean": -0.022109435447450653,
    "std": 0.07283234028240458,
    "min": -0.14100637569880722,
    "max": 0.0822340513246984
  },
  "ar2_a2": {
    "mean": -0.23962722450275695,
    "std": 0.06877059378128116,
    "min": -0.3269846817740208,
    "max": -0.09554261969394603
  },
  "cycle_conditions_met_rate": 0.5
}
