{
  "leverage_ratio_1.500": {
    "num_runs": 10,
    "successful_runs": 10,
    "cycle_detection_rate": 1.0,
    "mean_loss_ratio": {
      "mean": 0.9949965540783088,
      "std": 0.0002746083377049992,
      "min": 0.9944252836692908,
      "max": 0.9953359316438521
    },
    "cycle_period": {
      "mean": 3.2588398748236065,
      "std": 0.1986038384666571,
      "min": 2.935483870967742,
      "max": 3.5384615384615383
    },
    "dominant_frequency": {
      "mean": 0.28,
      "std": 0.058309518948453015,
      "min": 0.17,
      "max": 0.35000000000000003
    },
    "std_loss_ratio": {
      "mean": 0.005267442407621748,
      "std": 0.0004163546645567971,
      "min": 0.0046086892169114975,
      "max": 0.006144230360783741
    },
    "ar2_a1": {
      "mean": 0.03580796251336448,
      "std": 0.09452644989135167,
      "min": -0.17771536717857198,
      "max": 0.14199529164964705
    },
    "ar2_a2": {
      "mean": -0.3076961915257753,
      "std": 0.09285839127244325,
      "min": -0.3974644017812076,
      "max": -0.05900199627291052
    },
    "cycle_conditions_met_rate": 0.7
  },
  "leverage_ratio_2.500": {
    "num_runs": 10,
    "successful_runs": 10,
    "cycle_detection_rate": 1.0,
    "mean_loss_ratio": {
      "mean": 0.9955682952179071,
      "std": 0.0004125305349010059,
      "min": 0.9949802888701802,
      "max": 0.9962544357960853
    },
    "cycle_period": {
      "mean": 3.3199026902319453,
      "std": 0.1855338198911253,
      "min": 3.032258064516129,
      "max": 3.76
    },
    "dominant_frequency": {
      "mean": 0.24100000000000002,
      "std": 0.06847627326307996,
      "min": 0.16,
      "max": 0.36
    },
    "std_loss_ratio": {
      "mean": 0.005624029551821839,
      "std": 0.00034477499509848376,
      "min": 0.005027152438246089,
      "max": 0.006198064343288534
    },
    "ar2_a1": {
      "mean": 0.05558900005546543,
      "std": 0.10290087771046327,
      "min": -0.0992991873361282,
      "max": 0.16965335474160512
    },
    "ar2_a2": {
      "mean": -0.3287338084358538,
      "std": 0.07255781956893051,
      "min": -0.42367832139219236,
      "max": -0.17159064481025002
    },
    "cycle_conditions_met_rate": 0.6
  },
  "leverage_ratio_3.000": {
    "num_runs": 10,
    "successful_runs": 10,
    "cycle_detection_rate": 1.0,
    "mean_loss_ratio": {
      "mean": 0.9953880253688856,
      "std": 0.000316573059734927,
      "min": 0.9949293102690713,
      "max": 0.9959305247812495
    },
    "cycle_period": {
      "mean": 3.351431816905955,
      "std": 0.2180249065017318,
      "min": 2.9375,
      "max": 3.7916666666666665
    },
    "dominant_frequency": {
      "mean": 0.263,
      "std": 0.04517742799230607,
      "min": 0.18,
      "max": 0.33
    },
    "std_loss_ratio": {
      "mean": 0.005412712266869238,
      "std": 0.00032717159817430513,
      "min": 0.005056944153150899,
      "max": 0.005949386133909458
    },
    "ar2_a1": {
      "mean": 0.0654584084605526,
      "std": 0.09620461095871823,
      "min": -0.13699161764760537,
      "max": 0.17462433624220627
    },
    "ar2_a2": {
      "mean": -0.32178440929617563,
      "std": 0.08566749273284348,
      "min": -0.40761444721732715,
      "max": -0.14332022437964023
    },
    "cycle_conditions_met_rate": 0.8
  },
  "leverage_ratio_1.750": {
    "num_runs": 10,
    "successful_runs": 10,
    "cycle_detection_rate": 1.0,
    "mean_loss_ratio": {
      "mean": 0.9953103921519043,
      "std": 0.0004232590280280761,
      "min": 0.9947147642375249,
      "max": 0.9961183748671358
    },
    "cycle_period": {
      "mean": 3.190607190120375,
      "std": 0.2112657604276525,
      "min": 2.823529411764706,
      "max": 3.576923076923077
    },
    "dominant_frequency": {
      "mean": 0.28300000000000003,
      "std": 0.05367494760127857,
      "min": 0.19,
      "max": 0.37
    },
    "std_loss_ratio": {
      "mean": 0.005374078937317297,
      "std": 0.0005046590075164336,
      "min": 0.0045125706691874,
      "max": 0.006144501247227137
    },
    "ar2_a1": {
      "mean": -0.025902064598405116,
      "std": 0.11635744026305826,
      "min": -0.2603007177103933,
      "max": 0.17536674594278812
    },
    "ar2_a2": {
      "mean": -0.2881221726458686,
      "std": 0.12056129965731009,
      "min": -0.4115944719482545,
      "max": -0.07804202242115241
    },
    "cycle_conditions_met_rate": 0.4
  },
  "leverage_ratio_2.250": {
    "num_runs": 10,
    "successful_runs": 10,
    "cycle_detection_rate": 1.0,
    "mean_loss_ratio": {
      "mean": 0.9956239695529099,
      "std": 0.0003534679758487341,
      "min": 0.995099905770869,
      "max": 0.9964318162725357
    },
    "cycle_period": {
      "mean": 3.243796314348734,
      "std": 0.2809254413310392,
      "min": 2.875,
      "max": 3.76
    },
    "dominant_frequency": {
      "mean": 0.289,
      "std": 0.06073713855624087,
      "min": 0.19,
      "max": 0.41000000000000003
    },
    "std_loss_ratio": {
      "mean": 0.00511444036701935,
      "std": 0.00021107499926309274,
      "min": 0.004858619404415989,
      "max": 0.005560059683604549
    },
    "ar2_a1": {
      "mean": -0.01337217210478776,
      "std": 0.06756076513109975,
      "min": -0.10872023862215714,
      "max": 0.15213404265677358
    },
    "ar2_a2": {
      "mean": -0.2638004934521576,
      "std": 0.07554480011970442,
      "min": -0.4166734093166815,
      "max": -0.11884407525421073
    },
    "cycle_conditions_met_rate": 0.4
  },
  "leverage_ratio_2.000": {
    "num_runs": 10,
    "successful_runs": 10,
    "cycle_detection_rate": 1.0,
    "mean_loss_ratio": {
      "mean": 0.9954261646411776,
      "std": 0.00036906673918002186,
      "min": 0.9948233086770234,
      "max": 0.996147396402038
    },
    "cycle_period": {
      "mean": 3.2118892869582525,
      "std": 0.24246215876724167,
      "min": 2.8484848484848486,
      "max": 3.72
    },
    "dominant_frequency": {
      "mean": 0.246,
      "std": 0.0642183774320093,
      "min": 0.12,
      "max": 0.35000000000000003
    },
    "std_loss_ratio": {
      "mean": 0.005132030569366432,
      "std": 0.0002783546689110364,
      "min": 0.004609431275574137,
      "max": 0.005474847400566877
    },
    "ar2_a1": {
      "mean": 0.02409405883076974,
      "std": 0.13172382527990753,
      "min": -0.18309227685444507,
      "max": 0.23570540204555282
    },
    "ar2_a2": {
      "mean": -0.30966342321041845,
      "std": 0.07969528088856027,
      "min": -0.40876574361578233,
      "max": -0.19434621809780564
    },
    "cycle_conditions_met_rate": 0.5
  }
}
