{
  "num_runs": 10,
  "successful_runs": 10,
  "cycle_detection_rate": 1.0,
  "mean_loss_ratio": {
    "mean": 0.9979794337658177,
    "std": 0.0006796124843360388,
    "min": 0.9969663329579943,
    "max": 0.9989598760276627
  },
  "cycle_period": {
    "mean": 3.0368213027702735,
    "std": 0.17882569714426558,
    "min": 2.7142857142857144,
    "max": 3.2413793103448274
  },
  "dominant_frequency": {
    "mean": 0.301,
    "std": 0.09406912352095133,
    "min": 0.13,
    "max": 0.4
  },
  "std_loss_ratio": {
    "mean": 0.00798843002750654,
    "std": 0.0005561905716307906,
    "min": 0.007324227233890552,
    "max": 0.009354193129304205
  },
  "ar2_a1": {
    "mean": -0.033361137051829734,
    "std": 0.06815143998833299,
    "min": -0.14980515306604955,
    "max": 0.09231424926127683
  },
  "ar2_a2": {
    "mean": -0.058848975379312954,
    "std": 0.09932465901585613,
    "min": -0.1930126290792195,
    "max": 0.07243563621894455
  },
  "cycle_conditions_met_rate": 0.3
}
