{
  "num_runs": 10,
  "successful_runs": 10,
  "cycle_detection_rate": 1.0,
  "mean_loss_ratio": {
    "mean": 0.9954993492893804,
    "std": 0.00021853106972576314,
    "min": 0.995180251591181,
    "max": 0.9959005440557908
  },
  "cycle_period": {
    "mean": 3.3938605711225285,
    "std": 0.2818960022268862,
    "min": 3.064516129032258,
    "max": 3.9583333333333335
  },
  "dominant_frequency": {
    "mean": 0.274,
    "std": 0.049030602688525056,
    "min": 0.19,
    "max": 0.35000000000000003
  },
  "std_loss_ratio": {
    "mean": 0.00514482215855501,
    "std": 0.00027664640126919395,
    "min": 0.004662548165234962,
    "max": 0.005537963759584354
  },
  "ar2_a1": {
    "mean": 0.0255412614245197,
    "std": 0.051993759887344046,
    "min": -0.04999390110439225,
    "max": 0.14752666248063326
  },
  "ar2_a2": {
    "mean": -0.270524137921205,
    "std": 0.10232266011694413,
    "min": -0.4431596986896171,
    "max": -0.10968977889167505
  },
  "cycle_conditions_met_rate": 0.8
}
