{
  "num_runs": 10,
  "successful_runs": 10,
  "cycle_detection_rate": 1.0,
  "mean_loss_ratio": {
    "mean": 0.995154597675327,
    "std": 0.00037925748586823104,
    "min": 0.9945675948146662,
    "max": 0.9957502761595903
  },
  "cycle_period": {
    "mean": 3.3488372331691294,
    "std": 0.2089649607608447,
    "min": 2.96875,
    "max": 3.8
  },
  "dominant_frequency": {
    "mean": 0.22599999999999998,
    "std": 0.06483826030978931,
    "min": 0.14,
    "max": 0.32
  },
  "std_loss_ratio": {
    "mean": 0.005460257995427358,
    "std": 0.0004077896036249796,
    "min": 0.004766974812194846,
    "max": 0.006103711115702232
  },
  "ar2_a1": {
    "mean": 0.17918923138099532,
    "std": 0.07125268244753805,
    "min": 0.0868380797904415,
    "max": 0.36237222506021893
  },
  "ar2_a2": {
    "mean": -0.2016625602871546,
    "std": 0.1071399533751961,
    "min": -0.34738507634215554,
    "max": -0.02462684670906263
  },
  "cycle_conditions_met_rate": 1.0
}
