{
  "num_runs": 10,
  "successful_runs": 10,
  "cycle_detection_rate": 1.0,
  "mean_loss_ratio": {
    "mean": 0.996622392889563,
    "std": 0.00018230054462297949,
    "min": 0.9963476202711475,
    "max": 0.9970143551751584
  },
  "cycle_period": {
    "mean": 3.2643097857113426,
    "std": 0.17805795171748443,
    "min": 3.032258064516129,
    "max": 3.5185185185185186
  },
  "dominant_frequency": {
    "mean": 0.24600000000000005,
    "std": 0.05161395160225575,
    "min": 0.14,
    "max": 0.3
  },
  "std_loss_ratio": {
    "mean": 0.00546158049958106,
    "std": 0.0003501155097328802,
    "min": 0.004978965644358252,
    "max": 0.006052417877683395
  },
  "ar2_a1": {
    "mean": -0.021745458201985205,
    "std": 0.11669933662936835,
    "min": -0.16991028056967547,
    "max": 0.23406672669172554
  },
  "ar2_a2": {
    "mean": -0.3661305570857191,
    "std": 0.06607512680308145,
    "min": -0.42293142856250737,
    "max": -0.21163373146141673
  },
  "cycle_conditions_met_rate": 0.4
}
