{
  "num_runs": 10,
  "successful_runs": 10,
  "cycle_detection_rate": 1.0,
  "mean_loss_ratio": {
    "mean": 0.9953103921519043,
    "std": 0.0004232590280280761,
    "min": 0.9947147642375249,
    "max": 0.9961183748671358
  },
  "cycle_period": {
    "mean": 3.190607190120375,
    "std": 0.2112657604276525,
    "min": 2.823529411764706,
    "max": 3.576923076923077
  },
  "dominant_frequency": {
    "mean": 0.28300000000000003,
    "std": 0.05367494760127857,
    "min": 0.19,
    "max": 0.37
  },
  "std_loss_ratio": {
    "mean": 0.005374078937317297,
    "std": 0.0005046590075164336,
    "min": 0.0045125706691874,
    "max": 0.006144501247227137
  },
  "ar2_a1": {
    "mean": -0.025902064598405116,
    "std": 0.11635744026305826,
    "min": -0.2603007177103933,
    "max": 0.17536674594278812
  },
  "ar2_a2": {
    "mean": -0.2881221726458686,
    "std": 0.12056129965731009,
    "min": -0.4115944719482545,
    "max": -0.07804202242115241
  },
  "cycle_conditions_met_rate": 0.4
}
