{
  "num_runs": 10,
  "successful_runs": 10,
  "cycle_detection_rate": 1.0,
  "mean_loss_ratio": {
    "mean": 0.9951965453419552,
    "std": 0.00039063820049636556,
    "min": 0.9944519920674444,
    "max": 0.9958894050556815
  },
  "cycle_period": {
    "mean": 3.2970007827627397,
    "std": 0.16851763387890895,
    "min": 3.0,
    "max": 3.5
  },
  "dominant_frequency": {
    "mean": 0.22800000000000004,
    "std": 0.06615134163416492,
    "min": 0.12,
    "max": 0.35000000000000003
  },
  "std_loss_ratio": {
    "mean": 0.005239136979157092,
    "std": 0.0005716711264063817,
    "min": 0.004462783623759186,
    "max": 0.006254003981641707
  },
  "ar2_a1": {
    "mean": 0.06180894172753032,
    "std": 0.08231589859562781,
    "min": -0.05177198862715546,
    "max": 0.23110738483112966
  },
  "ar2_a2": {
    "mean": -0.2815128095572583,
    "std": 0.0893497406315825,
    "min": -0.3678037029526043,
    "max": -0.07775347851973408
  },
  "cycle_conditions_met_rate": 0.8
}
