{
  "num_runs": 10,
  "successful_runs": 10,
  "cycle_detection_rate": 1.0,
  "mean_loss_ratio": {
    "mean": 0.9913009870731193,
    "std": 0.00047200974021230905,
    "min": 0.9903908498326147,
    "max": 0.992208973909558
  },
  "cycle_period": {
    "mean": 3.385215148835838,
    "std": 0.10065976384758663,
    "min": 3.2,
    "max": 3.5185185185185186
  },
  "dominant_frequency": {
    "mean": 0.259,
    "std": 0.08490583018850943,
    "min": 0.08,
    "max": 0.39
  },
  "std_loss_ratio": {
    "mean": 0.005504724756051993,
    "std": 0.0004217672330433195,
    "min": 0.004847320565716239,
    "max": 0.00625599261471155
  },
  "ar2_a1": {
    "mean": 0.16262160949190058,
    "std": 0.07302843817223553,
    "min": 0.057434578269202494,
    "max": 0.24714840482932618
  },
  "ar2_a2": {
    "mean": -0.20043857939056497,
    "std": 0.10341880110966593,
    "min": -0.3825758958414703,
    "max": -0.006723503834505464
  },
  "cycle_conditions_met_rate": 1.0
}
