{
  "underwriter_smoothing_0.300": {
    "num_runs": 10,
    "successful_runs": 10,
    "cycle_detection_rate": 1.0,
    "mean_loss_ratio": {
      "mean": 0.9956660817845663,
      "std": 0.0002987348253941251,
      "min": 0.9950349830974936,
      "max": 0.996016793255814
    },
    "cycle_period": {
      "mean": 3.2679785166207993,
      "std": 0.24690882902127045,
      "min": 2.7941176470588234,
      "max": 3.576923076923077
    },
    "dominant_frequency": {
      "mean": 0.255,
      "std": 0.03748332962798263,
      "min": 0.18,
      "max": 0.33
    },
    "std_loss_ratio": {
      "mean": 0.004938230052401329,
      "std": 0.00033378979550665873,
      "min": 0.004413496614249235,
      "max": 0.005510902233344997
    },
    "ar2_a1": {
      "mean": 0.045261035133360876,
      "std": 0.05431743034215945,
      "min": -0.07936912433228963,
      "max": 0.12072481212816544
    },
    "ar2_a2": {
      "mean": -0.3495873144612017,
      "std": 0.08392967086823992,
      "min": -0.4683628333194317,
      "max": -0.18993688779437934
    },
    "cycle_conditions_met_rate": 0.9
  },
  "underwriter_smoothing_1.000": {
    "num_runs": 10,
    "successful_runs": 10,
    "cycle_detection_rate": 1.0,
    "mean_loss_ratio": {
      "mean": 0.9973334434561046,
      "std": 0.0002767754944409838,
      "min": 0.9969734354964768,
      "max": 0.9977875449758804
    },
    "cycle_period": {
      "mean": 3.2597381864623243,
      "std": 0.1903359583128195,
      "min": 2.967741935483871,
      "max": 3.5555555555555554
    },
    "dominant_frequency": {
      "mean": 0.23199999999999998,
      "std": 0.06128621378417825,
      "min": 0.14,
      "max": 0.35000000000000003
    },
    "std_loss_ratio": {
      "mean": 0.005402208227933162,
      "std": 0.0005969583484675852,
      "min": 0.004835296782948984,
      "max": 0.006719447025460994
    },
    "ar2_a1": {
      "mean": -0.05426697248930841,
      "std": 0.10871985844194237,
      "min": -0.25287492861352967,
      "max": 0.10820271961067264
    },
    "ar2_a2": {
      "mean": -0.33009272327599215,
      "std": 0.08468571122952581,
      "min": -0.4766841303822515,
      "max": -0.17484732077593904
    },
    "cycle_conditions_met_rate": 0.3
  },
  "underwriter_smoothing_0.900": {
    "num_runs": 10,
    "successful_runs": 10,
    "cycle_detection_rate": 1.0,
    "mean_loss_ratio": {
      "mean": 0.9970776107450288,
      "std": 0.00033186367396481815,
      "min": 0.9964099162483159,
      "max": 0.9974804060160682
    },
    "cycle_period": {
      "mean": 3.1691549533151315,
      "std": 0.2007062121960757,
      "min": 2.787878787878788,
      "max": 3.5185185185185186
    },
    "dominant_frequency": {
      "mean": 0.30599999999999994,
      "std": 0.07031358332498779,
      "min": 0.16,
      "max": 0.39
    },
    "std_loss_ratio": {
      "mean": 0.0055028517796639346,
      "std": 0.0003855675898601864,
      "min": 0.004806349079429861,
      "max": 0.0060275578358344375
    },
    "ar2_a1": {
      "mean": -0.1284377128778759,
      "std": 0.0913258628170145,
      "min": -0.2791191254013988,
      "max": 0.0362392570320675
    },
    "ar2_a2": {
      "mean": -0.33516743850646463,
      "std": 0.10375278944377395,
      "min": -0.530842198918882,
      "max": -0.21239646799550943
    },
    "cycle_conditions_met_rate": 0.2
  },
  "underwriter_smoothing_0.600": {
    "num_runs": 10,
    "successful_runs": 10,
    "cycle_detection_rate": 1.0,
    "mean_loss_ratio": {
      "mean": 0.9962919690803334,
      "std": 0.00024448985166553104,
      "min": 0.9958820708646186,
      "max": 0.996643086366379
    },
    "cycle_period": {
      "mean": 3.2071913236929923,
      "std": 0.12045048736976287,
      "min": 3.0,
      "max": 3.357142857142857
    },
    "dominant_frequency": {
      "mean": 0.262,
      "std": 0.07613146524269712,
      "min": 0.09,
      "max": 0.38
    },
    "std_loss_ratio": {
      "mean": 0.005192924694890213,
      "std": 0.00033477721333125085,
      "min": 0.004594777178418877,
      "max": 0.005720876955851884
    },
    "ar2_a1": {
      "mean": -0.04659457947989838,
      "std": 0.0483745946227442,
      "min": -0.13767414227363464,
      "max": 0.02336828018192371
    },
    "ar2_a2": {
      "mean": -0.3169111855365646,
      "std": 0.09274677994741588,
      "min": -0.4722948359012076,
      "max": -0.12584858489610234
    },
    "cycle_conditions_met_rate": 0.1
  },
  "underwriter_smoothing_0.500": {
    "num_runs": 10,
    "successful_runs": 10,
    "cycle_detection_rate": 1.0,
    "mean_loss_ratio": {
      "mean": 0.9960690354117165,
      "std": 0.00028884501116810017,
      "min": 0.9955871601516002,
      "max": 0.9966133887860457
    },
    "cycle_period": {
      "mean": 3.306330382580382,
      "std": 0.19203155633077612,
      "min": 2.9375,
      "max": 3.576923076923077
    },
    "dominant_frequency": {
      "mean": 0.23900000000000002,
      "std": 0.043,
      "min": 0.16,
      "max": 0.32
    },
    "std_loss_ratio": {
      "mean": 0.005166499714892693,
      "std": 0.0003409672417482682,
      "min": 0.004637668399986984,
      "max": 0.00575307363722135
    },
    "ar2_a1": {
      "mean": -0.02518920152837569,
      "std": 0.06412965931136394,
      "min": -0.11542455054342272,
      "max": 0.0702767331509549
    },
    "ar2_a2": {
      "mean": -0.37318344296422035,
      "std": 0.0700450098701137,
      "min": -0.5444218186819291,
      "max": -0.29325520974561964
    },
    "cycle_conditions_met_rate": 0.4
  },
  "underwriter_smoothing_0.400": {
    "num_runs": 10,
    "successful_runs": 10,
    "cycle_detection_rate": 1.0,
    "mean_loss_ratio": {
      "mean": 0.9957277698803179,
      "std": 0.00029911693768965063,
      "min": 0.9952299779860317,
      "max": 0.996147829381827
    },
    "cycle_period": {
      "mean": 3.3445837764386157,
      "std": 0.2606853432592839,
      "min": 3.096774193548387,
      "max": 3.9583333333333335
    },
    "dominant_frequency": {
      "mean": 0.23399999999999999,
      "std": 0.0724154679609267,
      "min": 0.1,
      "max": 0.34
    },
    "std_loss_ratio": {
      "mean": 0.005239524768189971,
      "std": 0.00026861185704783524,
      "min": 0.004758910670767687,
      "max": 0.0058622578114476236
    },
    "ar2_a1": {
      "mean": 0.0330754084264344,
      "std": 0.1144875259332894,
      "min": -0.13526375150386566,
      "max": 0.2568122928178247
    },
    "ar2_a2": {
      "mean": -0.3303400937239746,
      "std": 0.05135530610407741,
      "min": -0.3973924606975695,
      "max": -0.24964019818808167
    },
    "cycle_conditions_met_rate": 0.6
  },
  "underwriter_smoothing_0.100": {
    "num_runs": 10,
    "successful_runs": 10,
    "cycle_detection_rate": 1.0,
    "mean_loss_ratio": {
      "mean": 0.995154597675327,
      "std": 0.00037925748586823104,
      "min": 0.9945675948146662,
      "max": 0.9957502761595903
    },
    "cycle_period": {
      "mean": 3.3488372331691294,
      "std": 0.2089649607608447,
      "min": 2.96875,
      "max": 3.8
    },
    "dominant_frequency": {
      "mean": 0.22599999999999998,
      "std": 0.06483826030978931,
      "min": 0.14,
      "max": 0.32
    },
    "std_loss_ratio": {
      "mean": 0.005460257995427358,
      "std": 0.0004077896036249796,
      "min": 0.004766974812194846,
      "max": 0.006103711115702232
    },
    "ar2_a1": {
      "mean": 0.17918923138099532,
      "std": 0.07125268244753805,
      "min": 0.0868380797904415,
      "max": 0.36237222506021893
    },
    "ar2_a2": {
      "mean": -0.2016625602871546,
      "std": 0.1071399533751961,
      "min": -0.34738507634215554,
      "max": -0.02462684670906263
    },
    "cycle_conditions_met_rate": 1.0
  },
  "underwriter_smoothing_0.700": {
    "num_runs": 10,
    "successful_runs": 10,
    "cycle_detection_rate": 1.0,
    "mean_loss_ratio": {
      "mean": 0.9964883805267849,
      "std": 0.0002617248573762765,
      "min": 0.9959360696313992,