{
  "num_runs": 10,
  "successful_runs": 10,
  "cycle_detection_rate": 1.0,
  "mean_loss_ratio": {
    "mean": 0.9957277698803179,
    "std": 0.00029911693768965063,
    "min": 0.9952299779860317,
    "max": 0.996147829381827
  },
  "cycle_period": {
    "mean": 3.3445837764386157,
    "std": 0.2606853432592839,
    "min": 3.096774193548387,
    "max": 3.9583333333333335
  },
  "dominant_frequency": {
    "mean": 0.23399999999999999,
    "std": 0.0724154679609267,
    "min": 0.1,
    "max": 0.34
  },
  "std_loss_ratio": {
    "mean": 0.005239524768189971,
    "std": 0.00026861185704783524,
    "min": 0.004758910670767687,
    "max": 0.0058622578114476236
  },
  "ar2_a1": {
    "mean": 0.0330754084264344,
    "std": 0.1144875259332894,
    "min": -0.13526375150386566,
    "max": 0.2568122928178247
  },
  "ar2_a2": {
    "mean": -0.3303400937239746,
    "std": 0.05135530610407741,
    "min": -0.3973924606975695,
    "max": -0.24964019818808167
  },
  "cycle_conditions_met_rate": 0.6
}
