{
  "num_runs": 10,
  "successful_runs": 10,
  "cycle_detection_rate": 1.0,
  "mean_loss_ratio": {
    "mean": 0.9973334434561046,
    "std": 0.0002767754944409838,
    "min": 0.9969734354964768,
    "max": 0.9977875449758804
  },
  "cycle_period": {
    "mean": 3.2597381864623243,
    "std": 0.1903359583128195,
    "min": 2.967741935483871,
    "max": 3.5555555555555554
  },
  "dominant_frequency": {
    "mean": 0.23199999999999998,
    "std": 0.06128621378417825,
    "min": 0.14,
    "max": 0.35000000000000003
  },
  "std_loss_ratio": {
    "mean": 0.005402208227933162,
    "std": 0.0005969583484675852,
    "min": 0.004835296782948984,
    "max": 0.006719447025460994
  },
  "ar2_a1": {
    "mean": -0.05426697248930841,
    "std": 0.10871985844194237,
    "min": -0.25287492861352967,
    "max": 0.10820271961067264
  },
  "ar2_a2": {
    "mean": -0.33009272327599215,
    "std": 0.08468571122952581,
    "min": -0.4766841303822515,
    "max": -0.17484732077593904
  },
  "cycle_conditions_met_rate": 0.3
}
