{
  "num_runs": 10,
  "successful_runs": 10,
  "cycle_detection_rate": 1.0,
  "mean_loss_ratio": {
    "mean": 0.995540443471941,
    "std": 0.00021531519814876993,
    "min": 0.9950445074688522,
    "max": 0.995881730355641
  },
  "cycle_period": {
    "mean": 3.195048937384866,
    "std": 0.12429300050179411,
    "min": 3.064516129032258,
    "max": 3.4814814814814814
  },
  "dominant_frequency": {
    "mean": 0.255,
    "std": 0.06974955196988723,
    "min": 0.12,
    "max": 0.39
  },
  "std_loss_ratio": {
    "mean": 0.005088208596265581,
    "std": 0.00028599871403240317,
    "min": 0.004554143476945052,
    "max": 0.005483857768972876
  },
  "ar2_a1": {
    "mean": 0.02348317574070441,
    "std": 0.08510461332551054,
    "min": -0.13171742318341498,
    "max": 0.18152421551266873
  },
  "ar2_a2": {
    "mean": -0.28316285959765564,
    "std": 0.09496373727805285,
    "min": -0.4481616346721909,
    "max": -0.151945259553387
  },
  "cycle_conditions_met_rate": 0.7
}
