{
  "num_runs": 10,
  "successful_runs": 10,
  "cycle_detection_rate": 1.0,
  "mean_loss_ratio": {
    "mean": 0.9960690354117165,
    "std": 0.00028884501116810017,
    "min": 0.9955871601516002,
    "max": 0.9966133887860457
  },
  "cycle_period": {
    "mean": 3.306330382580382,
    "std": 0.19203155633077612,
    "min": 2.9375,
    "max": 3.576923076923077
  },
  "dominant_frequency": {
    "mean": 0.23900000000000002,
    "std": 0.043,
    "min": 0.16,
    "max": 0.32
  },
  "std_loss_ratio": {
    "mean": 0.005166499714892693,
    "std": 0.0003409672417482682,
    "min": 0.004637668399986984,
    "max": 0.00575307363722135
  },
  "ar2_a1": {
    "mean": -0.02518920152837569,
    "std": 0.06412965931136394,
    "min": -0.11542455054342272,
    "max": 0.0702767331509549
  },
  "ar2_a2": {
    "mean": -0.37318344296422035,
    "std": 0.0700450098701137,
    "min": -0.5444218186819291,
    "max": -0.29325520974561964
  },
  "cycle_conditions_met_rate": 0.4
}
