{
  "num_runs": 10,
  "successful_runs": 10,
  "cycle_detection_rate": 1.0,
  "mean_loss_ratio": {
    "mean": 0.9954256933415724,
    "std": 0.00025071285103206626,
    "min": 0.9950006784581521,
    "max": 0.9958249808462197
  },
  "cycle_period": {
    "mean": 3.2085001425880177,
    "std": 0.19192027412759383,
    "min": 2.878787878787879,
    "max": 3.5185185185185186
  },
  "dominant_frequency": {
    "mean": 0.256,
    "std": 0.06916646586316234,
    "min": 0.14,
    "max": 0.35000000000000003
  },
  "std_loss_ratio": {
    "mean": 0.004910819779320402,
    "std": 0.00039468644367263893,
    "min": 0.004429278189100955,
    "max": 0.005535419836414114
  },
  "ar2_a1": {
    "mean": 0.03241578442579048,
    "std": 0.05658798858961647,
    "min": -0.07443710750585876,
    "max": 0.12226633325529401
  },
  "ar2_a2": {
    "mean": -0.27912640355082674,
    "std": 0.07874466257368011,
    "min": -0.3902084280052153,
    "max": -0.15667428990119428
  },
  "cycle_conditions_met_rate": 0.7
}
